Scheme Code;Scheme Name;ISIN Div Payout/ISIN Growth;ISIN Div Reinvestment;Net Asset Value;Repurchase Price;Sale Price;Date

Open Ended Schemes ( Debt Scheme - Overnight Fund )


Aditya Birla Sun Life Mutual Fund
145488;ADITYA BIRLA SUN LIFE OVERNIGHT FUND-  Direct - Monthly Payout of IDCW;INF209KB1ZL4;;1003.7093;;;25-Jul-2026
145489;ADITYA BIRLA SUN LIFE OVERNIGHT FUND-  Direct - Weekly Reinvestment of IDCW;;INF209KB1ZJ8;1000.1617;;;25-Jul-2026
145482;ADITYA BIRLA SUN LIFE OVERNIGHT FUND-  Regular - Weekly Reinvestment of IDCW option;;INF209KB1ZE9;1000.1548;;;25-Jul-2026
145487;ADITYA BIRLA SUN LIFE OVERNIGHT FUND- Direct - Daily Reinvestment of IDCW;;INF209KB1ZI0;1000.1563;;;25-Jul-2026
145483;ADITYA BIRLA SUN LIFE OVERNIGHT FUND- Regular - Daily Reinvestment of IDCW;;INF209KB1ZD1;1000.1544;;;25-Jul-2026
145485;ADITYA BIRLA SUN LIFE OVERNIGHT FUND- Regular- Monthly Payout of IDCW option;INF209KB1ZG4;;1003.6294;;;25-Jul-2026
145486;ADITYA BIRLA SUN LIFE OVERNIGHT FUND-DIRECT PLAN-GROWTH;INF209KB1ZH2;;1480.5858;;;25-Jul-2026
145481;ADITYA BIRLA SUNLIFE OVERNIGHT FUND-REGULAR PLAN-GROWTH;INF209KB1ZC3;;1467.5642;;;25-Jul-2026

Axis Mutual Fund
146679;Axis Overnight Fund - Direct Plan - Daily IDCW;;INF846K01N99;1000.5073;;;25-Jul-2026
146675;Axis Overnight Fund - Direct Plan - Growth Option;INF846K01N65;;1449.1860;;;25-Jul-2026
146677;Axis Overnight Fund - Direct Plan - Monthly IDCW;INF846K01N73;INF846K01N81;1005.1319;;;25-Jul-2026
146676;Axis Overnight Fund - Direct Plan - Weekly IDCW;INF846K01N40;INF846K01N57;1001.4062;;;25-Jul-2026
146682;Axis Overnight Fund - Regular Plan - Daily IDCW;;INF846K01O56;1000.5032;;;25-Jul-2026
146678;Axis Overnight Fund - Regular Plan - Growth Option;INF846K01O23;;1443.6552;;;25-Jul-2026
146681;Axis Overnight Fund - Regular Plan - Monthly IDCW;INF846K01O31;INF846K01O49;1005.0937;;;25-Jul-2026
146680;Axis Overnight Fund - Regular Plan - Weekly IDCW;INF846K01O07;INF846K01O15;1001.3732;;;25-Jul-2026

Bajaj Finserv Mutual Fund
153437;Bajaj Finserv Overnight Fund - Direct - Unclaimed less than 3 years IDCW Plan;INF0QA701AE3;;1067.5862;;;25-Jul-2026
153438;Bajaj Finserv Overnight Fund - Direct - Unclaimed less than 3 years Redemption Plan;INF0QA701AF0;;1073.5339;;;25-Jul-2026
151843;Bajaj Finserv Overnight Fund - Direct Plan - Daily - IDCW;;INF0QA701185;1033.1412;;;25-Jul-2026
151850;Bajaj Finserv Overnight Fund - Direct Plan - Fortnightly - IDCW;INF0QA701235;INF0QA701201;1034.9161;;;25-Jul-2026
151849;Bajaj Finserv Overnight Fund - Direct Plan - Growth;INF0QA701177;;1201.1968;;;25-Jul-2026
151845;Bajaj Finserv Overnight Fund - Direct Plan - Monthly - IDCW;INF0QA701243;INF0QA701219;1034.6199;;;25-Jul-2026
151844;Bajaj Finserv Overnight Fund - Direct Plan - Weekly - IDCW;INF0QA701227;INF0QA701193;1033.8689;;;25-Jul-2026
151852;Bajaj Finserv Overnight Fund - Regular Plan - Daily - IDCW;;INF0QA701292;1032.8859;;;25-Jul-2026
151847;Bajaj Finserv Overnight Fund - Regular Plan - Fortnightly - IDCW;INF0QA701318;INF0QA701276;1034.6535;;;25-Jul-2026
151851;Bajaj Finserv Overnight Fund - Regular Plan - Growth;INF0QA701250;;1199.3624;;;25-Jul-2026
151848;Bajaj Finserv Overnight Fund - Regular Plan - Monthly - IDCW;INF0QA701326;INF0QA701284;1034.3651;;;25-Jul-2026
151846;Bajaj Finserv Overnight Fund - Regular Plan - Weekly - IDCW;INF0QA701300;INF0QA701268;1033.5796;;;25-Jul-2026

Bandhan Mutual Fund
146190;BANDHAN Overnight Fund - Direct Plan - Daily IDCW;INF194KB1462;INF194KB1470;1000.1486;;;25-Jul-2026
146191;BANDHAN Overnight Fund - Direct Plan - Growth;INF194KB1447;;1459.9751;;;25-Jul-2026
146183;BANDHAN Overnight Fund - Direct Plan - Monthly IDCW;INF194KB1496;INF194KB1504;1003.7135;;;25-Jul-2026
146184;BANDHAN Overnight Fund - Direct Plan - Periodic IDCW;INF194KB1520;INF194KB1538;1330.4540;;;25-Jul-2026
146192;BANDHAN Overnight Fund - Direct Plan - Weekly IDCW;INF194KB1553;INF194KB1561;1000.1510;;;25-Jul-2026
146188;BANDHAN Overnight Fund - Regular Plan - Daily IDCW;INF194KB1330;INF194KB1348;1000.1293;;;25-Jul-2026
146187;BANDHAN Overnight Fund - Regular Plan - Growth;INF194KB1314;;1448.2268;;;25-Jul-2026
146185;BANDHAN Overnight Fund - Regular Plan - Monthly IDCW;INF194KB1363;INF194KB1371;1003.6267;;;25-Jul-2026
146189;BANDHAN Overnight Fund - Regular Plan - Weekly IDCW;INF194KB1421;INF194KB1439;1001.0843;;;25-Jul-2026
146186;BANDHAN Overnight Fund - REGULAR PLAN PERIODIC IDCW;INF194KB1397;INF194KB1405;1325.1535;;;25-Jul-2026

Bank of India Mutual Fund
147951;BANK OF INDIA Overnight Fund Direct Plan Growth;INF761K01EU7;;1392.6943;;;25-Jul-2026
147952;BANK OF INDIA Overnight Fund Direct Plan- Daily IDCW;;INF761K01EV5;1000.0000;;;25-Jul-2026
147948;BANK OF INDIA Overnight Fund Direct Plan- Monthly IDCW;INF761K01EY9;INF761K01EX1;1003.7302;;;25-Jul-2026
147936;BANK OF INDIA Overnight Fund Regular Plan Growth;INF761K01EZ6;;1388.3960;;;25-Jul-2026
147953;BANK OF INDIA Overnight Fund Regular Plan- Daily IDCW;;INF761K01FA6;1000.0001;;;25-Jul-2026
147949;BANK OF INDIA Overnight Fund Regular Plan- Monthly IDCW;INF761K01FD0;INF761K01FC2;1003.6981;;;25-Jul-2026
149412;BANK OF INDIA Overnight Fund Unclaimed IDCW Plan - Greater than 3 Years;;;1000.0000;;;25-Jul-2026
149414;BANK OF INDIA Overnight Fund Unclaimed IDCW Plan - Up to 3 Years;;;1309.3934;;;25-Jul-2026
149415;BANK OF INDIA Overnight Fund Unclaimed Redemption Plan - Greater than 3 Years;;;1000.0000;;;25-Jul-2026
149413;BANK OF INDIA Overnight Fund Unclaimed Redemption Plan - Upto 3 Years;;;1309.6278;;;25-Jul-2026

Baroda BNP Paribas Mutual Fund
147197;Baroda BNP Paribas Overnight Fund - Direct Plan - Daily IDCW;;INF955L01HW2;1000.0028;;;25-Jul-2026
147196;Baroda BNP Paribas Overnight Fund - Direct Plan - Growth;INF955L01HV4;;1437.9983;;;25-Jul-2026
147195;Baroda BNP Paribas Overnight Fund - Direct Plan - Weekly IDCW;;INF955L01HX0;1000.6613;;;25-Jul-2026
149988;Baroda BNP Paribas Overnight Fund - Plan C - Unclaimed IDCW - Greater than 3 years;;;1000.0000;;;25-Jul-2026
149991;Baroda BNP Paribas Overnight Fund - Plan C - Unclaimed IDCW - Up to 3 years;;;1290.2113;;;25-Jul-2026
149990;Baroda BNP Paribas Overnight Fund - Plan C - Unclaimed Redemption - Greater than 3 years;;;1000.0000;;;25-Jul-2026
149989;Baroda BNP Paribas Overnight Fund - Plan C - Unclaimed Redemption - Up to 3 years;;;1290.1811;;;25-Jul-2026
147194;Baroda BNP Paribas Overnight Fund - Regular Plan - Daily IDCW;;INF955L01HT8;1000.0018;;;25-Jul-2026
147193;Baroda BNP Paribas Overnight Fund - Regular Plan - Growth;INF955L01HS0;;1431.1695;;;25-Jul-2026
147198;Baroda BNP Paribas Overnight Fund - Regular Plan - Weekly IDCW;;INF955L01HU6;1001.1445;;;25-Jul-2026

Canara Robeco Mutual Fund
147532;CANARA ROBECO OVERNIGHT FUND - DIRECT PLAN - DAILY IDCW (Reinvestment);;INF760K01JN3;1001.0012;;;25-Jul-2026
147531;CANARA ROBECO OVERNIGHT FUND - DIRECT PLAN - GROWTH OPTION;INF760K01JM5;;1413.1147;;;25-Jul-2026
147533;CANARA ROBECO OVERNIGHT FUND - REGULAR PLAN - DAILY IDCW (Reinvestment);;INF760K01JP8;1001.0000;;;25-Jul-2026
147534;CANARA ROBECO OVERNIGHT FUND - REGULAR PLAN - GROWTH OPTION;INF760K01JO1;;1411.5312;;;25-Jul-2026

DSP Mutual Fund
146062;DSP Overnight Fund - Direct Plan - Growth;INF740KA1MC8;;1466.3580;;;25-Jul-2026
146065;DSP Overnight Fund - Direct Plan - IDCW - Daily;;INF740KA1OR2;1000.1486;;;25-Jul-2026
146061;DSP Overnight Fund - Regular Plan - Growth;INF740KA1MB0;;1457.5767;;;25-Jul-2026
146066;DSP Overnight Fund - Regular Plan - IDCW - Daily;;INF740KA1OU6;1000.1054;;;25-Jul-2026
146063;DSP Overnight Fund - Regular Plan - IDCW - Weekly;INF740KA1OV4;INF740KA1OW2;1001.8813;;;25-Jul-2026
149313;Unclaimed IDCW - Beyond 3 years (Invested in DSP Overnight Fund);;;10.0014;;;25-Jul-2026
149312;Unclaimed IDCW - Upto 3 years (Invested in DSP Overnight Fund);;;13.0619;;;25-Jul-2026
149311;Unclaimed Redemption - Beyond 3 years (Invested in DSP Overnight Fund);;;10.0014;;;25-Jul-2026
149310;Unclaimed Redemption - Upto 3 years (Invested in DSP Overnight Fund);;;13.0619;;;25-Jul-2026

Edelweiss Mutual Fund
147551;Edelweiss Overnight Fund - Direct Plan - Annual - IDCW Option;INF754K01KD5;INF754K01KC7;1346.5417;;;25-Jul-2026
147557;Edelweiss Overnight Fund - Direct Plan - Daily - IDCW Option;;INF754K01JW7;1000.238;;;25-Jul-2026
147550;Edelweiss Overnight Fund - Direct Plan - Fortnightly - IDCW Option;INF754K01JZ0;INF754K01JY3;1374.9482;;;25-Jul-2026
147570;Edelweiss Overnight Fund - Direct Plan - Growth;INF754K01JV9;;1416.0732;;;25-Jul-2026
147554;Edelweiss Overnight Fund - Direct Plan - Monthly - IDCW Option;INF754K01KB9;INF754K01KA1;1057.5113;;;25-Jul-2026
147558;Edelweiss Overnight Fund - Direct Plan - Weekly - IDCW Option;;INF754K01JX5;1379.0685;;;25-Jul-2026
147556;Edelweiss Overnight Fund - Regular Plan - Annual - IDCW Option;INF754K01KM6;INF754K01KL8;1340.6676;;;25-Jul-2026
147552;Edelweiss Overnight Fund - Regular Plan - Daily - IDCW Option;;INF754K01KF0;1008.3735;;;25-Jul-2026
147549;Edelweiss Overnight Fund - Regular Plan - Fortnightly - IDCW Option;INF754K01KI4;INF754K01KH6;1096.8443;;;25-Jul-2026
147569;Edelweiss Overnight Fund - Regular Plan - Growth;INF754K01KE3;;1410.6557;;;25-Jul-2026
147555;Edelweiss Overnight Fund - Regular Plan - Monthly - IDCW Option;INF754K01KK0;INF754K01KJ2;1004.4161;;;25-Jul-2026
147553;Edelweiss Overnight Fund - Regular Plan - Weekly - IDCW Option;;INF754K01KG8;1017.1192;;;25-Jul-2026
149476;Edelweiss Overnight Fund - Unclaimed IDCW Plan - Above 3 years;;;1000;;;25-Jul-2026
149477;Edelweiss Overnight Fund - Unclaimed IDCW Plan - Upto 3 years;;;1295.6301;;;25-Jul-2026
149479;Edelweiss Overnight Fund - Unclaimed Redemption Plan - Above 3 years;;;1000;;;25-Jul-2026
149478;Edelweiss Overnight Fund - Unclaimed Redemption Plan - Upto 3 years;;;1295.6285;;;25-Jul-2026

Franklin Templeton Mutual Fund
147213;Franklin India Overnight fund- Growth;INF090I01SO8;;1423.1976;;;25-Jul-2026
147214;Franklin India Overnight Fund- Growth - Direct;INF090I01SS9;;1428.2068;;;25-Jul-2026

HDFC Mutual Fund
101996;HDFC Overnight Fund - Growth Option;INF179KB1HS3;;4014.9452;;;25-Jul-2026
119110;HDFC Overnight Fund - Growth Option - Direct Plan;INF179KB1HT1;;4057.8362;;;25-Jul-2026

ICICI Prudential Mutual Fund
145536;ICICI Prudential Overnight Fund - Direct Plan - Growth;INF109KC11G1;;1475.1636;;;25-Jul-2026
145535;ICICI Prudential Overnight Fund - Growth;INF109KC17E3;;1465.8383;;;25-Jul-2026

ITI Mutual Fund
147707;ITI Overnight Fund - Direct Plan - Annual IDCW Option;INF00XX01648;INF00XX01614;1025.1180;;;25-Jul-2026
147708;ITI Overnight Fund - Direct Plan - Daily IDCW Option;;INF00XX01572;1000.9994;;;25-Jul-2026
147710;ITI Overnight Fund - Direct Plan - Fortnightly IDCW Option;INF00XX01622;INF00XX01598;1002.8395;;;25-Jul-2026
147713;ITI Overnight Fund - Direct Plan - Growth Option;INF00XX01564;;1384.5086;;;25-Jul-2026
147717;ITI Overnight Fund - Direct Plan - Monthly IDCW Option;INF00XX01630;INF00XX01606;1004.8339;;;25-Jul-2026
147711;ITI Overnight Fund - Direct Plan - Weekly IDCW option;;INF00XX01580;1001.5153;;;25-Jul-2026
147709;ITI Overnight Fund - Regular Plan - Daily IDCW Option;;INF00XX01481;1001.0002;;;25-Jul-2026
147716;ITI Overnight Fund - Regular Plan - Fortnightly IDCW Option;INF00XX01531;INF00XX01507;1002.8903;;;25-Jul-2026
147714;ITI Overnight Fund - Regular Plan - Growth Option;INF00XX01473;;1375.1619;;;25-Jul-2026
147718;ITI Overnight Fund - Regular Plan - Monthly IDCW Option;INF00XX01549;INF00XX01515;1001.0714;;;25-Jul-2026
147712;ITI Overnight Fund - Regular Plan - Weekly IDCW Option;;INF00XX01499;1001.5104;;;25-Jul-2026

JM Financial Mutual Fund
147838;JM Overnight Fund (Direct) - Daily IDCW;;INF192K01LY2;1000;;;25-Jul-2026
147835;JM Overnight Fund (Direct) - Weekly IDCW;INF192K01LZ9;INF192K01MA0;1000.5349;;;25-Jul-2026
147839;JM Overnight Fund (Regular) - Daily IDCW;;INF192K01LU0;1000;;;25-Jul-2026
147836;JM Overnight Fund (Regular) - Growth;INF192K01LX4;;1380.3846;;;25-Jul-2026
147834;JM Overnight Fund (Regular) - Weekly IDCW;INF192K01LV8;INF192K01LW6;1000.5121;;;25-Jul-2026
147837;JM Overnight Fund - (Direct) - Growth;INF192K01MB8;;1386.7986;;;25-Jul-2026
149828;JM Overnight Fund - (Direct) - Unclaimed IDCW - Growth Plan;INF192K01MJ1;;1392.0474;;;25-Jul-2026
149827;JM Overnight Fund - (Direct) - Unclaimed IDCW I.E.F. - Growth Plan;INF192K01ML7;;1073.9936;;;25-Jul-2026
149829;JM Overnight Fund - (Direct) - Unclaimed Redemption - Growth Plan;INF192K01MI3;;1386.8189;;;25-Jul-2026
149826;JM Overnight Fund - (Direct) - Unclaimed Redemption I.E.F. - Growth Plan;INF192K01MK9;;1073.9936;;;25-Jul-2026

Kotak Mahindra Mutual Fund
146141;Kotak Overnight Fund -Direct Plan-Growth Option;INF174KA1BF9;;1460.6302;;;25-Jul-2026
146142;Kotak Overnight Fund -Regular plan-Growth Option;INF174KA1BC6;;1450.601;;;25-Jul-2026
146140;Kotak Overnight Fund-Direct Plan- Daily Reinvestment of Income Distribution cum capital withdrawal option;;INF174KA1BE2;1003.7441;;;25-Jul-2026
146138;Kotak Overnight Fund-Regular Plan- Daily Reinvestment of Income Distribution cum capital withdrawal option;;INF174KA1BB8;1004.892;;;25-Jul-2026

LIC Mutual Fund
147516;LIC MF Overnight Fund-Direct Plan-Daily IDCW;;INF767K01QG7;1121.4964;;;25-Jul-2026
147515;LIC MF Overnight Fund-Direct Plan-Growth;INF767K01QI3;;1419.0617;;;25-Jul-2026
147513;LIC MF Overnight Fund-Direct Plan-IDCW;INF767K01QE2;INF767K01QF9;1419.2316;;;25-Jul-2026
147514;LIC MF Overnight Fund-Direct Plan-Weekly IDCW;;INF767K01QH5;1101.0297;;;25-Jul-2026
147517;LIC MF Overnight Fund-Regular Plan-Daily IDCW;;INF767K01QB8;1118.5625;;;25-Jul-2026
147519;LIC MF Overnight Fund-Regular Plan-Growth;INF767K01QD4;;1407.1625;;;25-Jul-2026
147512;LIC MF Overnight Fund-Regular Plan-IDCW;INF767K01PZ9;INF767K01QA0;1244.5687;;;25-Jul-2026
147518;LIC MF Overnight Fund-Regular Plan-Weekly IDCW;;INF767K01QC6;1179.8888;;;25-Jul-2026

Mahindra Manulife Mutual Fund
147563;Mahindra Manulife Overnight Fund - Direct Plan - Daily IDCW;;INF174V01846;1420.2477;;;25-Jul-2026
147564;Mahindra Manulife Overnight Fund - Direct Plan -Growth;INF174V01838;;1416.7567;;;25-Jul-2026
147566;Mahindra Manulife Overnight Fund - Regular Plan - Daily IDCW;;INF174V01820;1247.6275;;;25-Jul-2026
147565;Mahindra Manulife Overnight Fund - Regular Plan - Growth;INF174V01812;;1406.7310;;;25-Jul-2026
149471;Mahindra Manulife Overnight Fund - Unclaimed Redemption/IDCW beyond 3 years;;;1000.0000;;;25-Jul-2026
149470;Mahindra Manulife Overnight Fund - Unclaimed Redemption/IDCW upto 3 years;;;1299.3045;;;25-Jul-2026

Nippon India Mutual Fund
145830;NIPPON INDIA OVERNIGHT FUND - DAILY IDCW Option;;INF204KB1Q73;100.0188;;;25-Jul-2026
145812;NIPPON INDIA OVERNIGHT FUND - DIRECT Plan - DAILY IDCW Option;;INF204KB1R49;100.0190;;;25-Jul-2026
145810;Nippon India Overnight Fund - Direct Plan - Growth Option;INF204KB1R31;;147.0650;;;25-Jul-2026
145824;NIPPON INDIA OVERNIGHT FUND - DIRECT Plan - MONTHLY IDCW Option;INF204KB1R64;INF204KB1R72;100.5502;;;25-Jul-2026
145825;NIPPON INDIA OVERNIGHT FUND - DIRECT Plan - QUARTERLY IDCW Option;INF204KB1R80;INF204KB1R98;100.7996;;;25-Jul-2026
145823;NIPPON INDIA OVERNIGHT FUND - DIRECT Plan - WEEKLY IDCW Option;;INF204KB1R56;100.0190;;;25-Jul-2026
145827;NIPPON INDIA OVERNIGHT FUND - MONTHLY IDCW Option;INF204KB1Q99;INF204KB1R07;100.5350;;;25-Jul-2026
145833;NIPPON INDIA OVERNIGHT FUND - QUARTERLY IDCW Option;INF204KB1R15;INF204KB1R23;100.7894;;;25-Jul-2026
145811;Nippon India Overnight Fund - Regular Plan - Growth Option;INF204KB1Q65;;146.0452;;;25-Jul-2026
145826;NIPPON INDIA OVERNIGHT FUND - WEEKLY IDCW Option;;INF204KB1Q81;100.0187;;;25-Jul-2026

PGIM India Mutual Fund
147605;PGIM India Overnight Fund - Direct Plan - Daily Dividend Option;;INF663L01T35;1000.0088;;;25-Jul-2026
147606;PGIM India Overnight Fund - Direct Plan - Growth Option;INF663L01T01;;1410.9216;;;25-Jul-2026
147608;PGIM India Overnight Fund - Direct Plan - Weekly Dividend Option;INF663L01T19;INF663L01T27;1000.0545;;;25-Jul-2026
147609;PGIM India Overnight Fund - Regular Plan - Daily Dividend Option;;INF663L01T76;1000;;;25-Jul-2026
147607;PGIM India Overnight Fund - Regular Plan - Weekly Dividend Option;INF663L01T50;INF663L01T68;1007.0323;;;25-Jul-2026
147600;PGIM India Overnight Fund - Regular Plan- Growth Option;INF663L01T43;;1404.5777;;;25-Jul-2026

Samco Mutual Fund
150631;Samco Overnight Fund - Direct Plan - Growth Option;INF0K1H01040;;1249.4526;;;25-Jul-2026
150632;Samco Overnight Fund - Regular Plan - Growth Option;INF0K1H01032;;1239.3713;;;25-Jul-2026
153021;Samco Overnight Fund - Unclaimed Redemption Upto 3 years;;;1093.0877;;;25-Jul-2026

SBI Mutual Fund
119831;SBI Overnight Fund - Direct Plan - Daily Income Distribution cum Capital Withdrawal Option (IDCW);;INF200K01TJ7;1381.4911;;;25-Jul-2026
119833;SBI OVERNIGHT FUND - DIRECT PLAN - GROWTH;INF200K01TK5;;4450.8489;;;25-Jul-2026
119832;SBI Overnight Fund - Direct Plan - Weekly Income Distribution cum Capital Withdrawal Option (IDCW);INF200K01TL3;INF200K01TM1;1410.6976;;;25-Jul-2026
114297;SBI Overnight Fund - Regular Plan - Daily Income Distribution cum Capital Withdrawal Option (IDCW);;INF200K01LN6;1375.0918;;;25-Jul-2026
101206;SBI OVERNIGHT FUND - REGULAR PLAN - GROWTH;INF200K01LQ9;;4390.4918;;;25-Jul-2026
103140;SBI Overnight Fund - Regular Plan - Weekly Income Distribution cum Capital Withdrawal Option (IDCW);INF200K01LO4;INF200K01LP1;1404.0618;;;25-Jul-2026

Shriram Mutual Fund
154395;Shriram Overnight Fund- Direct Daily IDCW;;INF680P01513;1000.0265;;;25-Jul-2026
154394;Shriram Overnight Fund- Direct Growth;INF680P01497;;1264.2381;;;25-Jul-2026
154396;Shriram Overnight Fund- Direct Monthly IDCW;INF680P01612;INF680P01638;1001.4386;;;25-Jul-2026
154398;Shriram Overnight Fund- Regular Daily IDCW;;INF680P01521;1000.01;;;25-Jul-2026
154399;Shriram Overnight Fund- Regular Growth;INF680P01505;;1260.2025;;;25-Jul-2026
154402;Shriram Overnight Fund- Regular Monthly IDCW;INF680P01620;INF680P01646;1001.4413;;;25-Jul-2026

Sundaram Mutual Fund
146963;Sundaram Overnight Fund Direct Plan - Growth;INF903JA1HG5;;1453.8868;;;25-Jul-2026
146962;Sundaram Overnight Fund Direct Plan - Monthly Payout of Income Distribution cum Capital Withdrawal (IDCW);INF903JA1HH3;;1050.7865;;;25-Jul-2026
146957;Sundaram Overnight Fund Direct Plan - Monthly Reinvestment of Income Distribution cum Capital Withdrawal (IDCW);;INF903JA1HM3;1050.7865;;;25-Jul-2026
146959;Sundaram Overnight Fund Regular Plan - Growth;INF903JA1GZ7;;1443.5258;;;25-Jul-2026
146960;Sundaram Overnight Fund Regular Plan - Monthly Payout of Income Distribution cum Capital Withdrawal (IDCW);INF903JA1HA8;;1045.5206;;;25-Jul-2026
146961;Sundaram Overnight Fund Regular Plan - Monthly Reinvestment of Income Distribution cum Capital Withdrawal (IDCW);;INF903JA1HF7;1045.5206;;;25-Jul-2026

Tata Mutual Fund
146978;TATA Overnight Fund Direct Plan - Daily Reinvestment of Income Distribution cum capital withdrawal option   ;;INF277K019T3;1000.0005;;;25-Jul-2026
146979;TATA Overnight Fund Regular Plan - Daily Reinvestment of Income Distribution cum capital withdrawal option   ;;INF277K017T7;1000.0005;;;25-Jul-2026
146980;Tata Overnight Fund-Direct Plan-Growth;INF277K018T5;;1445.2812;;;25-Jul-2026
146977;Tata Overnight Fund-Regular Plan-Growth;INF277K016T9;;1433.2897;;;25-Jul-2026

Trust Mutual Fund
149796;TRUST MF OVERNIGHT FUND-DIRECT PLAN-DAILY IDCW REINVESTMENT;;INF0GCD01461;1266.3981;;;25-Jul-2026
149797;TRUST MF OVERNIGHT FUND-DIRECT PLAN-GROWTH;INF0GCD01453;;1294.1505;;;25-Jul-2026
149798;TRUST MF OVERNIGHT FUND-REGULAR PLAN-DAILY IDCW REINVESTMENT;;INF0GCD01446;1255.0085;;;25-Jul-2026
149795;TRUST MF OVERNIGHT FUND-REGULAR-GROWTH;INF0GCD01438;;1291.2159;;;25-Jul-2026

Union Mutual Fund
147002;Union Overnight Fund - Direct Plan - Daily IDCW Option;;INF582M01FB0;1000.8064;;;25-Jul-2026
147003;Union Overnight Fund - Direct Plan - Growth Option;INF582M01FA2;;1441.0609;;;25-Jul-2026
147006;Union Overnight Fund - Direct Plan - Monthly IDCW Option;INF582M01FG9;INF582M01FE4;1004.8724;;;25-Jul-2026
146998;Union Overnight Fund - Regular Plan - Daily IDCW Option;;INF582M01FK1;1001.2621;;;25-Jul-2026
146997;Union Overnight Fund - Regular Plan - Growth Option;INF582M01FJ3;;1430.6560;;;25-Jul-2026
147000;Union Overnight Fund - Regular Plan - Monthly IDCW Option;INF582M01FP0;INF582M01FN5;1004.8199;;;25-Jul-2026
149451;Union Overnight Fund - Unclaimed Amounts Plan - IDCW Beyond 3 years;;;1000.0000;;;25-Jul-2026
149452;Union Overnight Fund - Unclaimed Amounts Plan - IDCW Upto 3 years;;;1297.9717;;;25-Jul-2026
149453;Union Overnight Fund - Unclaimed Amounts Plan - Redemption Beyond 3 years;;;1000.0000;;;25-Jul-2026
149454;Union Overnight Fund - Unclaimed Amounts Plan - Redemption Upto 3 years;;;1297.9631;;;25-Jul-2026

UTI Mutual Fund
100814;UTI - Overnight  Fund - Regular Plan - Growth Option;INF789F01604;;3704.9801;;;25-Jul-2026
120785;UTI - Overnight Fund - Direct Plan - Growth Option;INF789FB1S71;;3747.2501;;;25-Jul-2026
124266;UTI Overnight Fund - Direct Plan - Daily IDCW;;INF789FB1S89;1371.6621;;;25-Jul-2026
120786;UTI Overnight Fund - Direct Plan - Periodic IDCW;INF789FB1T05;INF789FB1S97;1966.609;;;25-Jul-2026
124265;UTI Overnight Fund - Regular Plan - Daily IDCW;;INF789FB1T13;1370.8617;;;25-Jul-2026
100813;UTI Overnight Fund - Regular Plan - Periodic IDCW;INF789F01588;INF789F01596;1908.6768;;;25-Jul-2026

Zerodha Mutual Fund
153436;Zerodha Overnight Fund - Direct Plan - Growth Option;INF0R8F01075;;10.7102;;;25-Jul-2026

Open Ended Schemes ( Debt Scheme - Liquid Fund )


Aditya Birla Sun Life Mutual Fund
100047;Aditya Birla Sun Life Liquid Fund - Growth;INF209K01RU9;;449.1039;;;25-Jul-2026
119568;Aditya Birla Sun Life Liquid Fund - Growth - Direct Plan;INF209K01VA3;;455.1748;;;25-Jul-2026
100046;Aditya Birla Sun Life Liquid Fund -Daily IDCW;INF209K01KQ2;INF209K01SQ5;100.2117;;;25-Jul-2026
119569;Aditya Birla Sun Life Liquid Fund -Direct - daily IDCW;INF209K01UZ2;;100.2121;;;25-Jul-2026
119571;Aditya Birla Sun Life Liquid Fund -DIRECT - IDCW;INF209K01VD7;;136.8907;;;25-Jul-2026
119570;Aditya Birla Sun Life Liquid Fund -Direct - weekly IDCW;INF209K01VC9;;100.2421;;;25-Jul-2026
103885;Aditya Birla Sun Life Liquid Fund -Regular - IDCW;INF209KA1LI1;;104.1172;;;25-Jul-2026
100051;Aditya Birla Sun Life Liquid Fund -weekly IDCW;INF209K01KU4;INF209KA1LJ9;100.2417;;;25-Jul-2026

Axis Mutual Fund
120388;Axis Liquid Fund - Direct Plan - Daily IDCW;;INF846K01DA0;1000.9560;;;25-Jul-2026
120389;Axis Liquid Fund - Direct Plan - Growth Option;INF846K01CX4;;3134.4352;;;25-Jul-2026
120391;Axis Liquid Fund - Direct Plan - Monthly IDCW;INF846K01CY2;INF846K01CZ9;1006.3058;;;25-Jul-2026
120390;Axis Liquid Fund - Direct Plan - Weekly IDCW;INF846K01DB8;INF846K01DC6;1002.9586;;;25-Jul-2026
112211;Axis Liquid Fund - Regular Plan - Daily IDCW;;INF846K01420;1001.3998;;;25-Jul-2026
112210;Axis Liquid Fund - Regular Plan - Growth Option;INF846K01412;;3104.6373;;;25-Jul-2026
112213;Axis Liquid Fund - Regular Plan - Monthly IDCW;INF846K01453;INF846K01461;1006.6401;;;25-Jul-2026
112212;Axis Liquid Fund - Regular Plan - Weekly IDCW;INF846K01438;INF846K01446;1002.9454;;;25-Jul-2026
112712;Axis Liquid Fund - Retail Plan - Daily IDCW;;INF846K01362;1000.9559;;;25-Jul-2026
112713;Axis Liquid Fund - Retail Plan - Growth Option;INF846K01354;;2828.0124;;;25-Jul-2026
112714;Axis Liquid Fund - Retail Plan - Monthly IDCW;INF846K01396;INF846K01404;1005.8463;;;25-Jul-2026
112715;Axis Liquid Fund - Retail Plan - Weekly IDCW;INF846K01370;INF846K01388;1001.5686;;;25-Jul-2026

Bajaj Finserv Mutual Fund
151835;Bajaj Finserv Liquid Fund - Direct Plan - Daily - IDCW;;INF0QA701029;1034.6939;;;25-Jul-2026
151838;Bajaj Finserv Liquid Fund - Direct Plan - Fortnightly - IDCW;INF0QA701078;INF0QA701045;1036.7312;;;25-Jul-2026
151833;Bajaj Finserv Liquid Fund - Direct Plan - Growth;INF0QA701011;;1229.5013;;;25-Jul-2026
151836;Bajaj Finserv Liquid Fund - Direct Plan - Monthly - IDCW;INF0QA701086;INF0QA701052;1036.5552;;;25-Jul-2026
151834;Bajaj Finserv Liquid Fund - Direct Plan - Weekly - IDCW;INF0QA701060;INF0QA701037;1035.5865;;;25-Jul-2026
151839;Bajaj Finserv Liquid Fund - Regular Plan - Daily - IDCW;;INF0QA701136;1033.8241;;;25-Jul-2026
151841;Bajaj Finserv Liquid Fund - Regular Plan - Fortnightly - IDCW;INF0QA701151;INF0QA701110;1035.7937;;;25-Jul-2026
151837;Bajaj Finserv Liquid Fund - Regular Plan - Growth;INF0QA701094;;1222.8929;;;25-Jul-2026
151842;Bajaj Finserv Liquid Fund - Regular Plan - Monthly - IDCW;INF0QA701169;INF0QA701128;1035.6279;;;25-Jul-2026
151840;Bajaj Finserv Liquid Fund - Regular Plan - Weekly - IDCW;INF0QA701144;INF0QA701102;1034.6925;;;25-Jul-2026

Bandhan Mutual Fund
108692;BANDHAN LIQUID Fund - Regular Plan - Daily IDCW;INF194K01VZ4;INF194K01VY7;1001.5789;;;25-Jul-2026
108690;BANDHAN LIQUID Fund - Regular Plan - Growth;INF194K01VX9;;3363.4592;;;25-Jul-2026
108693;BANDHAN LIQUID Fund - Regular Plan - Monthly IDCW;INF194K01WF4;INF194K01WE7;1005.5009;;;25-Jul-2026
115489;BANDHAN LIQUID Fund - Regular Plan - Periodic IDCW;INF194K01WC1;INF194K01WB3;1452.1375;;;25-Jul-2026
108691;BANDHAN LIQUID Fund - Regular Plan - Weekly IDCW;INF194K01WI8;INF194K01WH0;1001.5391;;;25-Jul-2026
139582;BANDHAN LIQUID Fund - Unclaimed IDCW Less than 3 years;INF194KA14C0;;1.8116;;;25-Jul-2026
139583;BANDHAN LIQUID Fund - Unclaimed IDCW More than 3 years;INF194KA15C7;;1.0000;;;25-Jul-2026
139584;BANDHAN LIQUID Fund - Unclaimed Redemption Less than 3 years;INF194KA12C4;;1.8116;;;25-Jul-2026
139585;BANDHAN LIQUID Fund - Unclaimed Redemption More than 3 years;INF194KA13C2;;1.0000;;;25-Jul-2026
118365;BANDHAN LIQUID Fund -Direct Plan -Monthly IDCW;INF194K01J36;INF194K01J28;1011.7967;;;25-Jul-2026
118367;BANDHAN LIQUID Fund -Direct Plan -Weekly IDCW;INF194KB1JT8;INF194K01J51;1007.2806;;;25-Jul-2026
118366;BANDHAN LIQUID Fund -Direct Plan-Daily IDCW;;INF194K01I78;1001.8333;;;25-Jul-2026
118364;BANDHAN LIQUID Fund -Direct Plan-Growth;INF194K01I60;;3401.4616;;;25-Jul-2026
118363;BANDHAN LIQUID Fund -Direct Plan-Periodic IDCW;INF194K01J02;INF194K01I94;1370.3349;;;25-Jul-2026

Bank of India Mutual Fund
119368;BANK OF INDIA Liquid Fund- Direct Plan- Daily IDCW;;INF761K01CL0;1005.0000;;;25-Jul-2026
119369;BANK OF INDIA Liquid Fund- Direct Plan- Growth;INF761K01785;;3243.9760;;;25-Jul-2026
119370;BANK OF INDIA Liquid Fund- Direct Plan- Weekly IDCW;;INF761K01CM8;1005.8746;;;25-Jul-2026
111971;BANK OF INDIA Liquid Fund- Regular Plan- Daily IDCW;;INF761K01CO4;1005.0000;;;25-Jul-2026
109254;BANK OF INDIA Liquid Fund- Regular Plan- Growth;INF761K01306;;3210.5842;;;25-Jul-2026
109255;BANK OF INDIA Liquid Fund- Regular Plan- Weekly IDCW;;INF761K01CP1;1005.8665;;;25-Jul-2026

Baroda BNP Paribas Mutual Fund
119414;Baroda BNP Paribas LIQUID FUND - DIRECT PLAN - DAILY IDCW OPTION;INF955L01AK2;;1002.0849;;;25-Jul-2026
119415;Baroda BNP Paribas LIQUID FUND - DIRECT PLAN - GROWTH OPTION;INF955L01AL0;;3246.0844;;;25-Jul-2026
119416;Baroda BNP Paribas LIQUID FUND - DIRECT PLAN - WEEKLY IDCW OPTION;INF251K01SL8;;1221.3933;;;25-Jul-2026
111707;Baroda BNP Paribas LIQUID FUND - Regular Plan - DAILY IDCW OPTION;INF955L01468;INF955L01476;1001.1996;;;25-Jul-2026
111704;Baroda BNP Paribas LIQUID FUND - Regular Plan - GROWTH OPTION;INF955L01484;;3201.8335;;;25-Jul-2026
111705;Baroda BNP Paribas LIQUID FUND - Regular Plan - WEEKLY IDCW OPTION;INF251K01SK0;INF955L01500;1001.1960;;;25-Jul-2026
101408;Baroda BNP Paribas LIQUID FUND- Defunct Plan -Growth Option;INF955L01575;;4713.8454;;;25-Jul-2026
101407;Baroda BNP Paribas LIQUID FUND-Defunct Plan- IDCW Option;INF955L01559;INF955L01567;3889.3316;;;25-Jul-2026

Canara Robeco Mutual Fund
118307;CANARA ROBECO LIQUID FUND - DIRECT PLAN - DAILY IDCW (Reinvestment);;INF760K01FS0;1005.5000;;;25-Jul-2026
118305;CANARA ROBECO LIQUID FUND - DIRECT PLAN - GROWTH OPTION;INF760K01FU6;;3375.8392;;;25-Jul-2026
118304;CANARA ROBECO LIQUID FUND - DIRECT PLAN - IDCW (Payout/Reinvestment);INF760K01FT8;;2246.9230;;;25-Jul-2026
118306;CANARA ROBECO LIQUID FUND - DIRECT PLAN - MONTHLY IDCW (Payout/Reinvestment);INF760K01FV4;INF760K01FW2;1006.4565;;;25-Jul-2026
118308;CANARA ROBECO LIQUID FUND - DIRECT PLAN - WEEKLY IDCW (Payout/Reinvestment);INF760K01FY8;INF760K01FX0;1000.9816;;;25-Jul-2026
109349;CANARA ROBECO LIQUID FUND - REGULAR PLAN - DAILY IDCW (Reinvestment);;INF760K01CU3;1005.5000;;;25-Jul-2026
109353;CANARA ROBECO LIQUID FUND - REGULAR PLAN - GROWTH OPTION;INF760K01CW9;;3353.7547;;;25-Jul-2026
109351;CANARA ROBECO LIQUID FUND - REGULAR PLAN - MONTHLY IDCW (Payout/Reinvestment);INF760K01CX7;INF760K01CY5;1006.2513;;;25-Jul-2026
109350;CANARA ROBECO LIQUID FUND - REGULAR PLAN - WEEKLY IDCW (Payout/Reinvestment);INF760K01BZ4;INF760K01CZ2;1000.9739;;;25-Jul-2026
139235;Canara Robeco Liquid Fund -Unclaimed Redemption and Dividend Plan -Direct Growth Option;INF760K01IC8;;1842.3472;;;25-Jul-2026

Capitalmind Mutual Fund
154011;Capitalmind Liquid Fund - Direct-Growth;INF226401034;;1044.2925;;;25-Jul-2026
154010;Capitalmind Liquid Fund - Regular-Growth;INF226401042;;1042.9094;;;25-Jul-2026

DSP Mutual Fund
119125;DSP Liquidity Fund - Direct Plan - Growth;INF740K01QL4;;4029.1400;;;25-Jul-2026
119124;DSP Liquidity Fund - Direct Plan - IDCW - Daily;;INF740KA1OB6;1001.6347;;;25-Jul-2026
119123;DSP Liquidity Fund - Direct Plan - IDCW - Weekly;INF740KA1OC4;INF740KA1OD2;1001.8521;;;25-Jul-2026
103347;DSP Liquidity Fund - Regular Plan - Growth;INF740K01FK9;;3979.5312;;;25-Jul-2026
103348;DSP Liquidity Fund - Regular Plan - IDCW - Weekly;INF740K01FM5;INF740K01FL7;1001.8477;;;25-Jul-2026
103349;DSP Liquidity Fund- Regular Plan - IDCW - Daily;;INF740KA1OE0;1001.6320;;;25-Jul-2026

Edelweiss Mutual Fund
140194;Edelweiss Liquid Fund - Direct Plan - Bonus Option;INF754K01GY9;;2118.6727;;;25-Jul-2026
140196;Edelweiss Liquid Fund - Direct Plan - Growth Option;INF754K01GM4;;3641.7029;;;25-Jul-2026
140198;Edelweiss Liquid Fund - Direct Plan - IDCW Option;INF754K01GO0;INF754K01GN2;3491.7162;;;25-Jul-2026
140192;Edelweiss Liquid Fund - Direct Plan Annual - IDCW Option;INF754K01GX1;INF754K01GT9;3491.6768;;;25-Jul-2026
140193;Edelweiss Liquid Fund - Direct Plan daily - IDCW Option;;INF754K01GP7;1194.3847;;;25-Jul-2026
140199;Edelweiss Liquid Fund - Direct Plan Fortnightly - IDCW Option;INF754K01GV5;INF754K01GR3;2477.7593;;;25-Jul-2026
140197;Edelweiss Liquid Fund - Direct Plan Monthly - IDCW Option;INF754K01GW3;INF754K01GS1;1004.2681;;;25-Jul-2026
140195;Edelweiss Liquid Fund - Direct Plan weekly - IDCW Option;INF754K01GU7;INF754K01GQ5;2174.5449;;;25-Jul-2026
140189;Edelweiss Liquid Fund - Regular Plan - Bonus Option;INF754K01HR1;;2076.9358;;;25-Jul-2026
140182;Edelweiss Liquid Fund - Regular Plan - Growth Option;INF754K01GZ6;;3565.3332;;;25-Jul-2026
140190;Edelweiss Liquid Fund - Regular Plan - IDCW Option;INF754K01GK8;INF754K01GL6;3415.3365;;;25-Jul-2026
140188;Edelweiss Liquid Fund - Regular Plan Annual - IDCW Option;INF754K01HQ3;INF754K01HP5;2316.9035;;;25-Jul-2026
140181;Edelweiss Liquid Fund - Regular Plan Daily - IDCW Option;;INF754K01HA7;1320.1404;;;25-Jul-2026
140184;Edelweiss Liquid Fund - Regular Plan Fortnightly - IDCW Option;INF754K01HK6;INF754K01HC3;2156.7894;;;25-Jul-2026
140183;Edelweiss Liquid Fund - Regular Plan Monthly - IDCW Option;INF754K01HL4;INF754K01HD1;1082.4193;;;25-Jul-2026
140185;Edelweiss Liquid Fund - Regular Plan Weekly - IDCW Option;INF754K01HJ8;INF754K01HB5;1216.0272;;;25-Jul-2026
140176;Edelweiss Liquid Fund - Retail Plan - Growth Option;INF754K01HE9;;3242.3825;;;25-Jul-2026
140178;Edelweiss Liquid Fund - Retail Plan - Weekly Dividend Option;;INF754K01HG4;1231.7986;;;25-Jul-2026
140177;Edelweiss Liquid Fund - Retail Plan Daily - IDCW Option;;INF754K01HF6;1161.9543;;;25-Jul-2026
140180;Edelweiss Liquid Fund - Retail Plan Monthly - IDCW Option;;INF754K01HI0;1243.5738;;;25-Jul-2026

Franklin Templeton Mutual Fund
100538;Franklin India Liquid Fund - Regular Plan - Growth;INF090I01BB1;;6268.9287;;;25-Jul-2026
118577;Franklin India Liquid Fund - Super Institutional - Direct - Growth;INF090I01JV2;;4235.1590;;;25-Jul-2026
100546;Franklin India Liquid Fund - Super Institutional Plan - Growth;INF090I01BG0;;4197.5816;;;25-Jul-2026

HDFC Mutual Fund
119091;HDFC Liquid Fund - Growth Option - Direct Plan;INF179KB1HP9;;5530.7341;;;25-Jul-2026
100868;HDFC Liquid Fund - Growth Plan;INF179KB1HK0;;5466.2735;;;25-Jul-2026

ICICI Prudential Mutual Fund
120197;ICICI Prudential Liquid Fund - Direct Plan - Growth;INF109K01Q49;;416.8141;;;25-Jul-2026
103340;ICICI Prudential Liquid Fund - Growth;INF109K01VQ1;;412.3549;;;25-Jul-2026

ITI Mutual Fund
147161;ITI Liquid Fund - Direct Plan - Annually IDCW Option;INF00XX01366;INF00XX01333;1464.2750;;;25-Jul-2026
147158;ITI Liquid Fund - Direct Plan - Daily IDCW Option;;INF00XX01291;1000.9925;;;25-Jul-2026
147160;ITI Liquid Fund - Direct Plan - Fortnightly IDCW Option;INF00XX01341;INF00XX01317;1003.2679;;;25-Jul-2026
147157;ITI Liquid Fund - Direct Plan - Growth Option;INF00XX01283;;1462.3340;;;25-Jul-2026
147163;ITI Liquid Fund - Direct Plan - Monthly IDCW Option;INF00XX01358;INF00XX01325;1006.0227;;;25-Jul-2026
147159;ITI Liquid Fund - Direct Plan - Weekly IDCW Option;;INF00XX01309;1001.6744;;;25-Jul-2026
147162;ITI Liquid Fund - Regular Plan - Annually IDCW Option;INF00XX01275;INF00XX01242;1457.3593;;;25-Jul-2026
147154;ITI Liquid Fund - Regular Plan - Daily IDCW Option;;INF00XX01200;1001.0000;;;25-Jul-2026
147153;ITI Liquid Fund - Regular Plan - Growth Option;INF00XX01192;;1447.8785;;;25-Jul-2026
147156;ITI Liquid Fund - Regular Plan - Monthly IDCW Option;INF00XX01267;INF00XX01234;1000.7692;;;25-Jul-2026
147164;ITI Liquid Fund - Regular Plan - Weekly IDCW Option;;INF00XX01218;1001.7301;;;25-Jul-2026

JM Financial Mutual Fund
120411;JM Liquid Fund (Direct) - Daily IDCW;;INF192K01CH6;10.4302;;;25-Jul-2026
120406;JM Liquid Fund (Direct) - Growth Option;INF192K01CM6;;76.8332;;;25-Jul-2026
120408;JM Liquid Fund (Direct) - Quarterly IDCW;INF192K01CK0;INF192K01CL8;43.6214;;;25-Jul-2026
120407;JM Liquid Fund (Direct) - Weekly IDCW;INF192K01CI4;INF192K01CJ2;11.0133;;;25-Jul-2026
100244;JM Liquid Fund (Regular) - Quarterly IDCW;INF192K01866;INF192K01874;42.982;;;25-Jul-2026
100247;JM Liquid Fund (Regular) - Super Institutional Plan - Growth Option;INF192K01981;;43.6635;;;25-Jul-2026
100233;JM Liquid Fund (Regular) - Weekly IDCW;INF192K01841;INF192K01858;11.0107;;;25-Jul-2026
100234;JM Liquid Fund - Growth Option;INF192K01882;;75.9387;;;25-Jul-2026
148414;JM Liquid Fund - Unclaimed Application Refund Amount I.E.F. (Direct) - Growth Plan;;;41.4437;;;25-Jul-2026
148413;JM Liquid Fund - Unclaimed Brokerage I.E.F. (Direct) - Growth Plan;;;41.4437;;;25-Jul-2026
101549;JM Liquid Fund (Regular) - Bonus Option - Principal Units;INF192K01890;;24.3158;;;25-Jul-2026
101078;JM Liquid Fund (Regular) - Daily IDCW;;INF192K01833;10.4302;;;25-Jul-2026

LIC Mutual Fund
120248;LIC MF Liquid Fund-Direct Plan-Daily IDCW;INF767K01DL5;INF767K01DM3;1035.2975;;;25-Jul-2026
120249;LIC MF Liquid Fund-Direct Plan-Growth;INF767K01DN1;;5113.7899;;;25-Jul-2026
151930;LIC MF Liquid Fund-Direct Plan-Monthly IDCW;INF397L01AK7;INF397L01AJ9;1241.2479;;;25-Jul-2026
151932;LIC MF Liquid Fund-Direct Plan-Weekly IDCW;INF397L01AM3;INF397L01AL5;1108.7877;;;25-Jul-2026
101184;LIC MF Liquid Fund-Regular Plan-Daily IDCW;INF767K01IQ3;INF767K01IR1;1000.1751;;;25-Jul-2026
101185;LIC MF Liquid Fund-Regular Plan-Growth;INF767K01IS9;;5036.6125;;;25-Jul-2026
151928;LIC MF Liquid Fund-Regular Plan-Monthly IDCW;INF397L01976;INF397L01968;1220.081;;;25-Jul-2026
151927;LIC MF Liquid Fund-Regular Plan-Weekly IDCW;INF397L01950;INF397L01943;1002.9177;;;25-Jul-2026

Mahindra Manulife Mutual Fund
139535;Mahindra Manulife Liquid Fund - Direct Plan - Daily IDCW;;INF174V01051;1288.0672;;;25-Jul-2026
139536;Mahindra Manulife Liquid Fund - Direct Plan - Weekly IDCW;;INF174V01069;1003.3291;;;25-Jul-2026
139538;Mahindra Manulife Liquid Fund - Direct Plan -Growth;INF174V01044;;1834.5308;;;25-Jul-2026
139534;Mahindra Manulife Liquid Fund - Regular Plan - Daily IDCW;;INF174V01028;1001.6836;;;25-Jul-2026
139537;Mahindra Manulife Liquid Fund - Regular Plan - Growth;INF174V01010;;1812.9400;;;25-Jul-2026
139541;Mahindra Manulife Liquid Fund - Regular Plan - Weekly IDCW;;INF174V01036;1009.7452;;;25-Jul-2026

Navi Mutual Fund
119163;Navi Liquid Fund - Direct Plan Daily IDCW - ReInvestment;;INF959L01GK1;10.0144;;;25-Jul-2026
119161;Navi Liquid Fund - Direct Plan Monthly IDCW - Payout;INF959L01GG9;INF959L01GH7;10.0593;;;25-Jul-2026
119162;Navi Liquid Fund - Direct Plan Weekly IDCW - Payout;INF959L01GI5;INF959L01GJ3;10.0118;;;25-Jul-2026
112645;Navi Liquid Fund - Regular Plan Daily IDCW;;INF959L01GM7;10.0383;;;25-Jul-2026
112647;Navi Liquid Fund - Regular Plan Monthly IDCW;INF959L01GN5;INF959L01GO3;10.0587;;;25-Jul-2026
112646;Navi Liquid Fund - Regular Plan Weekly IDCW;INF959L01GP0;INF959L01GQ8;10.0121;;;25-Jul-2026
119164;Navi Liquid Fund-Direct Plan-Growth Option;INF959L01GF1;;30.409;;;25-Jul-2026
112636;Navi Liquid Fund-Regular Plan-Growth Option;INF959L01GL9;;30.1238;;;25-Jul-2026
140437;Navi Liquid Fund-Unclaimed Redemption and Dividend Plan greater than 3 years;INF959L01CO2;;10.0015;;;25-Jul-2026
139386;Navi Liquid Fund-Unclaimed Redemption and Dividend Plan less than 3 years;INF959L01CN4;;30.3061;;;25-Jul-2026

Nippon India Mutual Fund
100852;NIPPON INDIA LIQUID FUND - DAILY IDCW OPTION;;INF204K01UM1;1528.9922;;;25-Jul-2026
118695;NIPPON INDIA LIQUID FUND - DIRECT Plan - DAILY IDCW OPTION;;INF204K01ZG2;1528.9971;;;25-Jul-2026
118696;NIPPON INDIA LIQUID FUND - DIRECT Plan - MONTHLY IDCW OPTION;INF204K01ZI8;INF204K01ZJ6;1595.7061;;;25-Jul-2026
118698;NIPPON INDIA LIQUID FUND - DIRECT Plan - QUARTERLY IDCW OPTION;INF204K01ZK4;INF204K01ZL2;1010.4871;;;25-Jul-2026
118700;NIPPON INDIA LIQUID FUND - DIRECT Plan - WEEKLY IDCW OPTION;INF204KC1FN6;INF204K01ZM0;1531.2339;;;25-Jul-2026
118701;Nippon India Liquid Fund - Direct Plan Growth Plan - Growth Option;INF204K01ZH0;;6896.8160;;;25-Jul-2026
100855;NIPPON INDIA LIQUID FUND - MONTHLY IDCW OPTION;INF204K01UO7;INF204K01UP4;1592.2090;;;25-Jul-2026
112340;NIPPON INDIA LIQUID FUND - QUARTERLY IDCW OPTION;INF204K01UQ2;INF204K01UR0;1010.0485;;;25-Jul-2026
100837;Nippon India Liquid Fund - Retail Option - Growth Plan;INF204K01UL3;;6024.9228;;;25-Jul-2026
100842;NIPPON INDIA LIQUID FUND - RETAIL Plan - DAILY IDCW OPTION;;INF204K01UJ7;1524.5266;;;25-Jul-2026
100843;NIPPON INDIA LIQUID FUND - RETAIL plan - MONTHLY IDCW OPTION;INF204K01UT6;INF204K01UU4;1333.3765;;;25-Jul-2026
100844;NIPPON INDIA LIQUID FUND - RETAIL Plan - QUARTERLY IDCW OPTION;INF204K01UV2;INF204K01UW0;1220.6417;;;25-Jul-2026
100838;NIPPON INDIA LIQUID FUND - RETAIL Plan - WEEKLY IDCW OPTION;;INF204K01UK5;1034.7733;;;25-Jul-2026
100853;NIPPON INDIA LIQUID FUND - WEEKLY IDCW OPTION;INF204KC1FM8;INF204K01US8;1531.2185;;;25-Jul-2026
100851;Nippon India Liquid Fund -Growth Plan;INF204K01UN9;;6799.8973;;;25-Jul-2026

PGIM India Mutual Fund
138285;PGIM India Liquid Fund - Daily Dividend;;INF223J01BO9;100.304;;;25-Jul-2026
138297;PGIM India Liquid Fund - Direct Plan - Daily Dividend;INF223J01NR7;;131.0041;;;25-Jul-2026
138299;PGIM India Liquid Fund - Direct Plan - Growth;INF223J01NS5;;367.5898;;;25-Jul-2026
138298;PGIM India Liquid Fund - Direct Plan - Monthly Dividend;INF223J01NT3;INF223J01NU1;116.5341;;;25-Jul-2026
138301;PGIM India Liquid Fund - Direct Plan - Weekly Dividend;INF223J01NV9;INF223J01NW7;100.5219;;;25-Jul-2026
138288;PGIM India Liquid Fund - Growth;INF223J01BP6;;362.8312;;;25-Jul-2026
138287;PGIM India Liquid Fund - Monthly Dividend;INF223J01BL5;;116.9651;;;25-Jul-2026
138289;PGIM India Liquid Fund - Weekly Dividend;INF223J01BU6;;100.5217;;;25-Jul-2026

PPFAS Mutual Fund
143263;Parag Parikh Liquid Fund- Direct Plan- Daily Reinvestment of IDCW;;INF879O01118;1000.6178;;;25-Jul-2026
143269;Parag Parikh Liquid Fund- Direct Plan- Growth;INF879O01068;;1557.3994;;;25-Jul-2026
143262;Parag Parikh Liquid Fund- Direct Plan- Monthly IDCW;INF879O01076;INF879O01084;1007.6551;;;25-Jul-2026
143265;Parag Parikh Liquid Fund- Direct Plan- Weekly Reinvestment of IDCW;;INF879O01134;1001.8424;;;25-Jul-2026
143264;Parag Parikh Liquid Fund- Regular Plan- Daily Reinvestment of IDCW;;INF879O01126;1000.5404;;;25-Jul-2026
143260;Parag Parikh Liquid Fund- Regular Plan- Growth;INF879O01035;;1544.5899;;;25-Jul-2026
143261;Parag Parikh Liquid Fund- Regular Plan- Monthly IDCW;INF879O01043;INF879O01050;1007.5876;;;25-Jul-2026
143266;Parag Parikh Liquid Fund- Regular Plan- Weekly Reinvestment of IDCW;;INF879O01142;1001.8292;;;25-Jul-2026

Quantum Mutual Fund
103736;Quantum Liquid Fund - Direct Plan Daily IDCW;;INF082J01135;10.0129;;;25-Jul-2026
103734;Quantum Liquid Fund - Direct Plan Growth Option;INF082J01127;;37.4336;;;25-Jul-2026
103735;Quantum Liquid Fund - Direct Plan Monthly IDCW;INF082J01143;INF082J01200;10.0600;;;25-Jul-2026
141065;Quantum Liquid Fund - Regular Plan Daily IDCW;;INF082J01317;10.0002;;;25-Jul-2026
141066;Quantum Liquid Fund - Regular Plan Growth Option;INF082J01309;;37.1286;;;25-Jul-2026
141067;Quantum Liquid Fund - Regular Plan Monthly IDCW;INF082J01325;INF082J01333;10.0564;;;25-Jul-2026
152299;Quantum Liquid Fund - Unclaimed IDCW Plan Above 3 years;;;10.0000;;;25-Jul-2026
152298;Quantum Liquid Fund - Unclaimed IDCW Plan Below 3 years;;;11.7694;;;25-Jul-2026
152301;Quantum Liquid Fund - Unclaimed Redemption Plan Above 3 years;;;10.0000;;;25-Jul-2026
152300;Quantum Liquid Fund - Unclaimed Redemption Plan Below 3 years;;;11.2968;;;25-Jul-2026

SBI Mutual Fund
119804;SBI Liquid Fund - Direct Paln - Fortnightly Income Distribution cum Capital Withdrawal Option (IDCW);INF200K01UR8;INF200K01US6;1437.8629;;;25-Jul-2026
119805;SBI Liquid Fund - Direct Plan - Daily Income Distribution cum Capital Withdrawal Option (IDCW);;INF200K01UQ0;1144.2405;;;25-Jul-2026
119799;SBI Liquid Fund - Direct Plan - Weekly Income Distribution cum Capital Withdrawal Option (IDCW);INF200K01UU2;INF200K01UV0;1385.7300;;;25-Jul-2026
119800;SBI Liquid Fund - DIRECT PLAN -Growth;INF200K01UT4;;4403.1897;;;25-Jul-2026
105274;SBI Liquid Fund - Institutional - Growth;INF200K01LU1;;4395.2143;;;25-Jul-2026
105275;SBI Liquid Fund - Institutional Daily Income Distribution cum Capital Withdrawal Option (IDCW);;INF200K01LR7;1412.0231;;;25-Jul-2026
105281;SBI Liquid Fund - Regular Plan - Daily Income Distribution cum Capital Withdrawal Option (IDCW);;INF200K01LX5;1140.9278;;;25-Jul-2026
105283;SBI Liquid Fund - Regular Plan - Fortnightly Income Distribution cum Capital Withdrawal Option (IDCW);INF200K01LY3;INF200K01LZ0;1428.9159;;;25-Jul-2026
105282;SBI Liquid Fund - Regular Plan - Weekly Income Distribution cum Capital Withdrawal Option (IDCW);INF200K01MB9;INF200K01MC7;1378.8339;;;25-Jul-2026
105280;SBI Liquid Fund - REGULAR PLAN -Growth;INF200K01MA1;;4354.0447;;;25-Jul-2026

Shriram Mutual Fund
153035;Shriram Liquid Fund - Direct Plan Growth Option;INF680P01430;;1112.315;;;25-Jul-2026
153036;Shriram Liquid Fund - Regular Plan Growth Option;INF680P01448;;1109.6612;;;25-Jul-2026
153282;Shriram Unclaimed IDCW Liquid Fund;;;1085.2246;;;25-Jul-2026
153283;Shriram Unclaimed IDCW Stable Scheme Liquid Fund;;;1000;;;25-Jul-2026
153280;Shriram Unclaimed Redemption Liquid Fund;;;1097.3971;;;25-Jul-2026
153281;Shriram Unclaimed Redemption Stable Scheme Liquid Fund;;;1000;;;25-Jul-2026

Sundaram Mutual Fund
149664;Sundaram Liquid Fund (Formerly Known as Principal Cash Management Fund) - Direct Plan - Growth Option;INF173K01GU0;;2490.9217;;;25-Jul-2026
149660;Sundaram Liquid Fund (Formerly Known as Principal Cash Management Fund) - Regular Plan IDCW;INF173K01DD3;INF173K01DE1;1039.2439;;;25-Jul-2026
149662;Sundaram Liquid Fund (Formerly Known as Principal Cash Management Fund) -Direct Plan - IDCW;INF173K01GV8;INF173K01GW6;1042.2907;;;25-Jul-2026
149661;Sundaram Liquid Fund (Formerly Known as Principal Cash Management Fund) -Growth Option;INF173K01DA9;;2456.8562;;;25-Jul-2026

Tata Mutual Fund
153689;Tata Liquid Fund - Direct Plan - Weekly IDCW Reinvestment;;INF277KA1EE2;1068.9688;;;25-Jul-2026
153688;Tata Liquid Fund - Regular Plan - Weekly IDCW Reinvestment;;INF277KA1EF9;1063.9057;;;25-Jul-2026
102672;Tata Liquid Fund -Regular Plan - Growth Option;INF277K01YD8;;4388.0262;;;25-Jul-2026
119862;Tata Liquid Fund- Direct Plan - Daily Reinvestment of IDCW Option;;INF277K012D2;1001.5187;;;25-Jul-2026
119861;Tata Liquid Fund- Direct Plan-Growth Option;INF277K01YE6;;4446.3185;;;25-Jul-2026
101714;Tata Liquid Fund- Regular Plan - Daily Reinvestment of IDCW Option;;INF277K011D4;1001.5157;;;25-Jul-2026

The Wealth Company Mutual Fund
153887;THE WEALTH COMPANY LIQUID FUND DIRECT DAILY ICDW;;INF2F0001073;1001.9475;;;25-Jul-2026
153883;THE WEALTH COMPANY LIQUID FUND DIRECT GROWTH;INF2F0001081;;1051.726;;;25-Jul-2026
153884;THE WEALTH COMPANY LIQUID FUND DIRECT MONTHLY IDCW;INF2F0001107;INF2F0001099;1007.2314;;;25-Jul-2026
153889;THE WEALTH COMPANY LIQUID FUND DIRECT WEEKLY;INF2F0001123;INF2F0001115;1002.8476;;;25-Jul-2026
153886;THE WEALTH COMPANY LIQUID FUND REGULAR DAILY IDCW;;INF2F0001131;1002.1624;;;25-Jul-2026
153888;THE WEALTH COMPANY LIQUID FUND REGULAR GROWTH;INF2F0001149;;1050.4064;;;25-Jul-2026
153890;THE WEALTH COMPANY LIQUID FUND REGULAR MONTHLY IDCW;INF2F0001164;INF2F0001156;1007.096;;;25-Jul-2026
153885;THE WEALTH COMPANY LIQUID FUND REGULAR WEEKLY IDCW;INF2F0001180;INF2F0001172;1002.8333;;;25-Jul-2026

Trust Mutual Fund
148842;TRUSTMF Liquid Fund-Direct Plan-Daily Income Distribution cum Capital Withdrawal;;INF0GCD01263;1288.5129;;;25-Jul-2026
148841;TRUSTMF Liquid Fund-Direct Plan-Growth;INF0GCD01255;;1363.1928;;;25-Jul-2026
148839;TRUSTMF Liquid Fund-Direct Plan-Monthly Income Distribution cum Capital Withdrawal;INF0GCD01305;INF0GCD01297;1218.0742;;;25-Jul-2026
148837;TRUSTMF Liquid Fund-Direct Plan-Weekly Income Distribution cum Capital Withdrawal;INF0GCD01271;INF0GCD01289;1244.5350;;;25-Jul-2026
148834;TRUSTMF Liquid Fund-Regular Plan-Daily Income Distribution cum Capital Withdrawal;;INF0GCD01206;1216.5075;;;25-Jul-2026
148833;TRUSTMF Liquid Fund-Regular Plan-Growth;INF0GCD01198;;1352.3862;;;25-Jul-2026
148843;TRUSTMF Liquid Fund-Regular Plan-Monthly Income Distribution cum Capital Withdrawal;INF0GCD01248;INF0GCD01230;1208.4205;;;25-Jul-2026
148836;TRUSTMF Liquid Fund-Regular Plan-Weekly Income Distribution cum Capital Withdrawal;INF0GCD01214;INF0GCD01222;1191.6257;;;25-Jul-2026

Unifi Mutual Fund
153570;Unifi Liquid Fund- Direct Growth;INF1MIY01056;;1067.8381;;;25-Jul-2026
153571;Unifi Liquid Fund- Regular Growth;INF1MIY01064;;1067.0573;;;25-Jul-2026

Union Mutual Fund
115401;Union Liquid Fund - Daily IDCW Option;;INF582M01021;1001.4576;;;25-Jul-2026
119301;Union Liquid Fund - Direct Plan - Daily IDCW Option;;INF582M01682;1001.5520;;;25-Jul-2026
119305;Union Liquid Fund - Direct Plan - Fortnightly IDCW Option;INF582M01724;INF582M01708;1003.5700;;;25-Jul-2026
119303;Union Liquid Fund - Direct Plan - Growth Option;INF582M01674;;2717.0894;;;25-Jul-2026
119302;Union Liquid Fund - Direct Plan - Monthly IDCW Option;INF582M01732;INF582M01716;1006.3372;;;25-Jul-2026
119304;Union Liquid Fund - Direct Plan - Weekly IDCW Option;;INF582M01690;1002.0568;;;25-Jul-2026
115399;Union Liquid Fund - Fortnightly IDCW Option;INF582M01062;INF582M01047;1003.5259;;;25-Jul-2026
115398;Union Liquid Fund - Growth Option;INF582M01013;;2681.3482;;;25-Jul-2026
115400;Union Liquid Fund - Monthly IDCW Option;INF582M01070;INF582M01054;1005.8412;;;25-Jul-2026
115402;Union Liquid Fund - Weekly IDCW Option;;INF582M01039;1002.3003;;;25-Jul-2026

Open Ended Schemes ( Other Scheme - Other  ETFs )


Bajaj Finserv Mutual Fund
152638;Bajaj Finserv Nifty 1D Rate Liquid ETF;INF0QA701854;;1091.6754;;;25-Jul-2026

Edelweiss Mutual Fund
153920;Edelweiss Nifty 1D Rate Liquid ETF - Growth;INF754K01VW2;;1040.7707;;;25-Jul-2026

Kotak Mahindra Mutual Fund
151358;Kotak Nifty 1D Rate Liquid ETF;INF174KA1LV5;;1115.0652;;;25-Jul-2026

Shriram Mutual Fund
152741;Shriram Nifty 1D Rate Liquid ETF - Growth;INF680P01422;;1114.4146;;;25-Jul-2026

Open Ended Schemes ( Income/Debt Oriented Schemes - Overnight Fund )


Choice Mutual Fund
154416;Choice Overnight Fund - Daily IDCW Option - Direct Plan;;INF2KCX01061;100.1000;;;25-Jul-2026
154414;Choice Overnight Fund - Daily IDCW Option - Regular Plan;;INF2KCX01079;100.1000;;;25-Jul-2026
154413;Choice Overnight Fund - Growth Option - Direct Plan;INF2KCX01087;;100.3093;;;25-Jul-2026
154415;Choice Overnight Fund - Growth Option - Regular Plan;INF2KCX01095;;100.3028;;;25-Jul-2026

Groww Mutual Fund
147458;Groww Overnight Fund (formerly known as Indiabulls Overnight Fund)- Direct Plan- - Income Distribution cum capital withdrawal Option ( Reinvestment);;INF666M01GM6;1001.9011;;;25-Jul-2026
147452;Groww Overnight Fund (formerly known as Indiabulls Overnight Fund)- Direct Plan- Fortnightly - Income Distribution cum capital withdrawal Option (Payout & Reinvestment);INF666M01GP9;INF666M01GQ7;1217.249;;;25-Jul-2026
147450;Groww Overnight Fund (formerly known as Indiabulls Overnight Fund)- Direct Plan- Growth Option;INF666M01GL8;;1410.0583;;;25-Jul-2026
147453;Groww Overnight Fund (formerly known as Indiabulls Overnight Fund)- Direct Plan- Monthly - Income Distribution cum capital withdrawal Option (Payout & Reinvestment);INF666M01GR5;INF666M01GS3;1004.6983;;;25-Jul-2026
147451;Groww Overnight Fund (formerly known as Indiabulls Overnight Fund)- Direct Plan- Weekly - Income Distribution cum capital withdrawal Option (Payout & Reinvestment);INF666M01GN4;INF666M01GO2;1002.0345;;;25-Jul-2026
147455;Groww Overnight Fund (formerly known as Indiabulls Overnight Fund)- Regular Plan- - Income Distribution cum capital withdrawal Option ( Reinvestment);;INF666M01GU9;1001.1893;;;25-Jul-2026
147457;Groww Overnight Fund (formerly known as Indiabulls Overnight Fund)- Regular Plan- Fortnightly - Income Distribution cum capital withdrawal Option (Payout & Reinvestment);INF666M01GX3;INF666M01GY1;1002.975;;;25-Jul-2026
147454;Groww Overnight Fund (formerly known as Indiabulls Overnight Fund)- Regular Plan- Growth Option;INF666M01GT1;;1400.6995;;;25-Jul-2026
147459;Groww Overnight Fund (formerly known as Indiabulls Overnight Fund)- Regular Plan- Monthly - Income Distribution cum capital withdrawal Option (Payout & Reinvestment);INF666M01GZ8;INF666M01HA9;1004.581;;;25-Jul-2026
147456;Groww Overnight Fund (formerly known as Indiabulls Overnight Fund)- Regular Plan- Weekly - Income Distribution cum capital withdrawal Option (Payout & Reinvestment);INF666M01GV7;INF666M01GW5;1001.6244;;;25-Jul-2026
149394;Groww Overnight Fund (formerly known as Indiabulls Overnight Fund)- Unclaimed Dividend < 3 years;;;1307.8753;;;25-Jul-2026
149396;Groww Overnight Fund (formerly known as Indiabulls Overnight Fund)- Unclaimed Redemption < 3 Years;;;1294.1107;;;25-Jul-2026
149395;Groww Overnight Fund (formerly known as Indiabulls Overnight Fund)- Unclaimed Redemption > 3 Years;;;1000;;;25-Jul-2026

Helios Mutual Fund
152151;Helios Overnight Fund - Direct Plan - Daily IDCW Option;INF0R8701087;;1000.1375;;;25-Jul-2026
152152;Helios Overnight Fund - Direct Plan - Growth Option;INF0R8701079;;1173.7592;;;25-Jul-2026
152154;Helios Overnight Fund - Regular Plan - Daily IDCW Option;INF0R8701103;;1000.1363;;;25-Jul-2026
152153;Helios Overnight Fund - Regular Plan - Growth Option;INF0R8701095;;1172.1575;;;25-Jul-2026

HSBC Mutual Fund
147291;HSBC Overnight Fund - Direct Daily IDCW;;INF336L01OG4;1000.1442;;;25-Jul-2026
147287;HSBC Overnight Fund - Direct Growth;INF336L01OF6;;1432.5683;;;25-Jul-2026
147300;HSBC Overnight Fund - Direct Monthly IDCW;INF336L01OK6;INF336L01OI0;1004.2627;;;25-Jul-2026
147296;HSBC Overnight Fund - Direct Weekly IDCW;INF336L01OJ8;INF336L01OH2;1000.5703;;;25-Jul-2026
147289;HSBC Overnight Fund - Regular Daily IDCW;;INF336L01OM2;1000.149;;;25-Jul-2026
147290;HSBC Overnight Fund - Regular Growth;INF336L01OL4;;1420.2442;;;25-Jul-2026
147301;HSBC Overnight Fund - Regular Monthly IDCW;INF336L01OQ3;INF336L01OO8;1004.198;;;25-Jul-2026
147288;HSBC Overnight Fund - Regular Weekly IDCW;INF336L01OP5;INF336L01ON0;1000.5858;;;25-Jul-2026
150501;HSBC Overnight Fund - Unclaimed IDCW Above three years;;;1000;;;25-Jul-2026
150499;HSBC Overnight Fund - Unclaimed IDCW Below three years;;;1271.3928;;;25-Jul-2026
150500;HSBC Overnight Fund - Unclaimed Redemption above three years;;;1000;;;25-Jul-2026
150502;HSBC Overnight Fund - Unclaimed Redemption Below three years;;;1271.4126;;;25-Jul-2026

Invesco Mutual Fund
147884;Invesco India Overnight Fund - Direct Plan - Daily IDCW (Reinvestment);;INF205KA1122;1000.5303;;;25-Jul-2026
147883;Invesco India Overnight Fund - Direct Plan - Growth;INF205KA1163;;1383.2015;;;25-Jul-2026
147886;Invesco India Overnight Fund - Direct Plan - Monthly IDCW (Payout / Reinvestment);INF205KA1155;INF205KA1148;1003.8048;;;25-Jul-2026
147880;Invesco India Overnight Fund - Regular Plan - Daily IDCW (Reinvestment);;INF205KA1072;1000.1395;;;25-Jul-2026
147878;Invesco India Overnight Fund - Regular Plan - Growth;INF205KA1114;;1378.1171;;;25-Jul-2026
147879;Invesco India Overnight Fund - Regular Plan - Monthly IDCW (Payout / Reinvestment);INF205KA1106;INF205KA1098;1004.1099;;;25-Jul-2026
147881;Invesco India Overnight Fund - Regular Plan - Weekly IDCW (Reinvestment);;INF205KA1080;1000.933;;;25-Jul-2026

Jio BlackRock Mutual Fund
153650;JioBlackRock Overnight Fund - Direct Plan - Growth Option;INF22M001036;;1057.0618;;;25-Jul-2026
154070;JioBlackRock Overnight Fund - Unclaimed Redemption - Upto 3 years - Growth Option;;;1033.6611;;;25-Jul-2026

Mirae Asset Mutual Fund
147737;Mirae Asset Overnight Fund - Direct Plan - Daily IDCW;;INF769K01FJ0;1000.0245;;;25-Jul-2026
147736;Mirae Asset Overnight Fund - Direct Plan - Growth;INF769K01FG6;;1403.9563;;;25-Jul-2026
147738;Mirae Asset Overnight Fund - Direct Plan - Monthly IDCW;INF769K01FF8;INF769K01FI2;1000.1428;;;25-Jul-2026
147740;Mirae Asset Overnight Fund - Direct Plan - Weekly IDCW;;INF769K01FK8;1000.4192;;;25-Jul-2026
147743;Mirae Asset Overnight Fund - Regular Plan - Daily IDCW;;INF769K01FL6;1000.0069;;;25-Jul-2026
147739;Mirae Asset Overnight Fund - Regular Plan - Growth;INF769K01FE1;;1395.3369;;;25-Jul-2026
147742;Mirae Asset Overnight Fund - Regular Plan - Monthly IDCW;INF769K01FD3;INF769K01FH4;1000.1499;;;25-Jul-2026
147741;Mirae Asset Overnight Fund - Regular Plan - Weekly IDCW;;INF769K01FM4;1000.4256;;;25-Jul-2026

NJ Mutual Fund
150369;NJ Overnight Fund - Direct Plan - Growth Option;INF0J8L01081;;1266.8115;;;25-Jul-2026
150368;NJ Overnight Fund - Regular Plan - Growth Option;INF0J8L01073;;1261.7679;;;25-Jul-2026
152116;NJ Overnight Fund - Unclaimed Redemption Plan - Upto 3 Years;;;1100.3991;;;25-Jul-2026

Open Ended Schemes ( Income/Debt Oriented Schemes - Liquid Fund )


Abakkus Mutual Fund
154049;Abakkus Liquid Fund - Direct Plan - Daily IDCW Reinvestment;;INF2JJD01011;100.1040;;;25-Jul-2026
154051;Abakkus Liquid Fund - Direct Plan - Growth;INF2JJD01029;;103.6348;;;25-Jul-2026
154055;Abakkus Liquid Fund - Direct Plan - Monthly IDCW Reinvestment;;INF2JJD01037;100.2218;;;25-Jul-2026
154052;Abakkus Liquid Fund - Direct Plan - Quarterly IDCW Reinvestment;;INF2JJD01052;100.4626;;;25-Jul-2026
154050;Abakkus Liquid Fund - Direct Plan - Weekly IDCW Reinvestment;;INF2JJD01045;100.1418;;;25-Jul-2026
154053;Abakkus Liquid Fund - Regular Plan - Daily IDCW Reinvestment;;INF2JJD01060;100.1038;;;25-Jul-2026
154047;Abakkus Liquid Fund - Regular Plan - Growth;INF2JJD01078;;103.5830;;;25-Jul-2026
154048;Abakkus Liquid Fund - Regular Plan - Monthly IDCW Reinvestment;;INF2JJD01086;100.2197;;;25-Jul-2026
154054;Abakkus Liquid Fund - Regular Plan - Quarterly IDCW Reinvestment;;INF2JJD01102;100.4130;;;25-Jul-2026
154056;Abakkus Liquid Fund - Regular Plan - Weekly IDCW Reinvestment;;INF2JJD01094;100.1407;;;25-Jul-2026
154521;Abakkus Liquid Fund - Unclaimed Redemption Less than 3 Years;;;100.0808;;;25-Jul-2026

Groww Mutual Fund
119135;Groww Liquid Fund ( formerly known as Indiabulls Liquid )Fund - Direct Plan - Growth Option;INF666M01451;;2730.4904;;;25-Jul-2026
119136;Groww Liquid Fund (formerly known as Indiabulls Liquid Fund) - Direct Plan- - Income Distribution cum capital withdrawal Option ( Reinvestment);;INF666M01469;1002.2605;;;25-Jul-2026
115991;Groww Liquid Fund (formerly known as Indiabulls Liquid Fund) - Regular Plan - Growth Option;INF666M01014;;2694.5966;;;25-Jul-2026
119138;Groww Liquid Fund (formerly known as Indiabulls Liquid Fund)- Direct Plan- Fortnightly - Income Distribution cum capital withdrawal Option (Payout & Reinvestment);INF666M01501;INF666M01485;1004.1772;;;25-Jul-2026
119139;Groww Liquid Fund (formerly known as Indiabulls Liquid Fund)- Direct Plan- Monthly - Income Distribution cum capital withdrawal Option (Payout & Reinvestment);INF666M01519;INF666M01493;1033.1346;;;25-Jul-2026
119137;Groww Liquid Fund (formerly known as Indiabulls Liquid Fund)- Direct Plan- Weekly - Income Distribution cum capital withdrawal Option (Payout & Reinvestment);INF666M01527;INF666M01477;1002.6277;;;25-Jul-2026
115992;Groww Liquid Fund (formerly known as Indiabulls Liquid Fund)- Regular Plan- - Income Distribution cum capital withdrawal Option (Reinvestment);;INF666M01022;1002.2542;;;25-Jul-2026
115995;Groww Liquid Fund (formerly known as Indiabulls Liquid Fund)- Regular Plan- Monthly - Income Distribution cum capital withdrawal Option (Payout & Reinvestment);INF666M01071;INF666M01055;1005.3329;;;25-Jul-2026
115993;Groww Liquid Fund (formerly known as Indiabulls Liquid Fund)- Regular Plan- Weekly - Income Distribution cum capital withdrawal Option (Payout & Reinvestment);INF666M01089;INF666M01030;1002.6145;;;25-Jul-2026
115994;Groww Liquid Fund (formerly known as Indiabulls Liquid) Fund- Regular Plan- Fortnightly - Income Distribution cum capital withdrawal Option (Payout & Reinvestment);INF666M01063;INF666M01048;1004.1427;;;25-Jul-2026

HSBC Mutual Fund
120038;HSBC Liquid Fund -  Growth Direct;INF336L01CC8;;2806.4789;;;25-Jul-2026
120037;HSBC Liquid Fund - Direct Daily IDCW;;INF336L01CB0;1001.7444;;;25-Jul-2026
120039;HSBC Liquid Fund - Direct Monthly IDCW;INF336L01BZ1;INF336L01CA2;1043.4472;;;25-Jul-2026
120040;HSBC Liquid Fund - Direct Weekly IDCW;INF336L01LK2;INF336L01CD6;1195.9707;;;25-Jul-2026
118907;HSBC Liquid Fund - Growth;INF336L01BL1;;4007.8592;;;25-Jul-2026
118906;HSBC Liquid Fund - IDCW;;INF336L01BK3;1019.4687;;;25-Jul-2026
118909;HSBC Liquid Fund - Institutional Daily IDCW;;INF336L01BS6;1563.0847;;;25-Jul-2026
118901;HSBC Liquid Fund - Regular Daily IDCW;;INF336L01BM9;1001.5446;;;25-Jul-2026
118902;HSBC Liquid Fund - Regular Growth;INF336L01BN7;;2777.8259;;;25-Jul-2026
118903;HSBC Liquid Fund - Regular Monthly IDCW;INF336L01BP2;INF336L01BO5;1007.5938;;;25-Jul-2026
118904;HSBC Liquid Fund - Regular Weekly IDCW;INF336L01LJ4;INF336L01BQ0;1108.21;;;25-Jul-2026
118908;HSBC Liquid Fund - Weekly IDCW;;INF336L01BR8;1001.9775;;;25-Jul-2026

Invesco Mutual Fund
104484;Invesco India Liquid Fund - Daily IDCW (Reinvestment);;INF205K01HN3;1002.7594;;;25-Jul-2026
120537;Invesco India Liquid Fund - Direct Plan - Growth;INF205K01MF9;;3865.8354;;;25-Jul-2026
120536;Invesco India Liquid Fund - Direct Plan - Monthly IDCW (Payout / Reinvestment);INF205K01MG7;INF205K01MH5;1087.2397;;;25-Jul-2026
120535;Invesco India Liquid Fund - Direct Plan - Weekly IDCW (Reinvestment);INF205KA1BE5;INF205K01MI3;1073.2874;;;25-Jul-2026
120534;Invesco India Liquid Fund - Direct Plan- Daily IDCW (Reinvestment);;INF205K01ME2;1005.8604;;;25-Jul-2026
104486;Invesco India Liquid Fund - Growth;INF205K01HM5;;3830.524;;;25-Jul-2026
104492;Invesco India Liquid Fund - Monthly IDCW (Payout / Reinvestment);INF205K01HQ6;INF205K01HP8;1007.8511;;;25-Jul-2026
104488;Invesco India Liquid Fund - Regular - Growth;INF205K01HG7;;3373.7396;;;25-Jul-2026
104489;Invesco India Liquid Fund - Regular - Weekly IDCW (Reinvestment);;INF205K01HH5;1004.8681;;;25-Jul-2026
139390;Invesco India Liquid Fund - Unclaimed Dividend Plan - Above 3 Years;;;1000;;;25-Jul-2026
139389;Invesco India Liquid Fund - Unclaimed Dividend Plan - Below 3 Years;;;1832.3294;;;25-Jul-2026
139388;Invesco India Liquid Fund - Unclaimed Redemption Plan - Above 3 Years;;;1000;;;25-Jul-2026
139387;Invesco India Liquid Fund - Unclaimed Redemption Plan - Below 3 years;;;1831.9186;;;25-Jul-2026
104485;Invesco India Liquid Fund - Weekly IDCW (Reinvestment);INF205KA1BD7;INF205K01HO1;1019.4323;;;25-Jul-2026

Jio BlackRock Mutual Fund
153651;JioBlackRock Liquid Fund - Direct Plan - Growth Option;INF22M001010;;1068.2308;;;25-Jul-2026

Kotak Mahindra Mutual Fund
119764;Kotak Liquid Fund - Direct Plan - Daily Reinvestment of Income Distribution cum capital withdrawal option;;INF174K01NH1;1223.0164;;;25-Jul-2026
119766;Kotak Liquid Fund - Direct Plan - Growth;INF174K01NE8;;5690.9202;;;25-Jul-2026
153585;Kotak Liquid Fund - Direct Plan - Weekly - Reinvestment & Payout of Income Distribution cum capital withdrawal option;INF174KA1WL3;INF174KA1WJ7;1008.2998;;;25-Jul-2026
100833;Kotak Liquid Fund - Regular  - Daily Reinvestment of Income Distribution cum capital withdrawal option;;INF174K01NL3;1274.7538;;;25-Jul-2026
100835;Kotak Liquid Fund - Regular Plan - Growth;INF174K01NI9;;5630.3133;;;25-Jul-2026
153586;Kotak Liquid Fund - Regular Plan - Weekly - Reinvestment & Payout of Income Distribution cum capital withdrawal option;INF174KA1WK5;INF174KA1WM1;1044.8702;;;25-Jul-2026

Mirae Asset Mutual Fund
118861;Mirae Asset Liquid Fund - Direct Plan - Daily IDCW;;INF769K01CO7;1075.8332;;;25-Jul-2026
118859;Mirae Asset Liquid Fund - Direct Plan - Growth;INF769K01CM1;;2973.3910;;;25-Jul-2026
118860;Mirae Asset Liquid Fund - Direct Plan - Monthly IDCW;INF769K01CN9;INF769K01CQ2;1134.8508;;;25-Jul-2026
118862;Mirae Asset Liquid Fund - Direct Plan - Weekly IDCW;INF769K01PD2;INF769K01CP4;1217.0014;;;25-Jul-2026
111647;Mirae Asset Liquid Fund - Regular Plan - Daily IDCW;;INF769K01804;1066.4347;;;25-Jul-2026
111646;Mirae Asset Liquid Fund - Regular Plan - Growth;INF769K01788;;2919.6322;;;25-Jul-2026
111645;Mirae Asset Liquid Fund - Regular Plan - Monthly IDCW;INF769K01838;INF769K01820;1152.5049;;;25-Jul-2026
111644;Mirae Asset Liquid Fund - Regular Plan - Weekly IDCW;INF769K01PC4;INF769K01812;1153.2913;;;25-Jul-2026

UTI Mutual Fund
134427;UTI Liquid Fund - Direct Plan - Annual IDCW;INF789F1AE45;INF789F1AE52;203.1152;;;25-Jul-2026
120558;UTI Liquid Fund - Direct Plan - Daily IDCW (Reinvestment);;INF789F1AD38;106.5304;;;25-Jul-2026
141768;UTI Liquid Fund - Direct Plan - Flexi IDCW;INF789F1AE60;INF789F1AE78;167.2948;;;25-Jul-2026
140913;UTI Liquid Fund - Direct Plan - Fortnightly IDCW;INF789F1AD87;INF789F1AD95;115.7653;;;25-Jul-2026
120304;UTI Liquid Fund - Direct Plan - Growth Option;INF789F1AD46;;461.8487;;;25-Jul-2026
140504;UTI Liquid Fund - Direct Plan - Half-Yearly IDCW;INF789F1AE29;INF789F1AE37;158.6594;;;25-Jul-2026
120794;UTI Liquid Fund - Direct Plan - Monthly IDCW;INF789F1AD53;INF789F1AD61;104.8432;;;25-Jul-2026
140024;UTI Liquid Fund - Direct Plan - Quarterly IDCW;INF789F1AE03;INF789F1AE11;191.8284;;;25-Jul-2026
120777;UTI Liquid Fund - Direct Plan - Weekly IDCW;;INF789F1AD79;108.141;;;25-Jul-2026
102008;UTI Liquid Fund - Discontinued - Regular Plan - Monthly Dividend Option;INF789F1AG27;INF789F1AG35;106.7996;;;25-Jul-2026
102009;UTI Liquid Fund - Discontinued - Regular Plan -Growth;INF789F1AF44;;414.9079;;;25-Jul-2026
102007;UTI Liquid Fund - Discontinued -Regular Plan Periodic Dividend Option;INF789F1AE86;INF789F1AE94;113.577;;;25-Jul-2026
133973;UTI Liquid Fund - Regular Plan - Annual IDCW;INF789F1AD12;INF789F1AD20;201.6109;;;25-Jul-2026
102010;UTI Liquid Fund - Regular Plan - Daily IDCW (Reinvestment);;INF789F1AF77;120.358;;;25-Jul-2026
140517;UTI Liquid Fund - Regular Plan - Flexi IDCW;INF789F1AF02;INF789F1AF10;166.1633;;;25-Jul-2026
139838;UTI Liquid Fund - Regular Plan - Fortnightly IDCW;INF789F1AF28;INF789F1AF36;115.6781;;;25-Jul-2026
102012;UTI Liquid Fund - Regular Plan - Growth Option;INF789F1AF85;;457.229;;;25-Jul-2026
144475;UTI Liquid Fund - Regular Plan - Half-Yearly IDCW;INF789F1AF51;INF789F1AF69;140.4237;;;25-Jul-2026
102011;UTI Liquid Fund - Regular Plan - Monthly IDCW;INF789F1AF93;INF789F1AG01;113.0821;;;25-Jul-2026
135721;UTI Liquid Fund - Regular Plan - Quarterly IDCW;INF789F1AG43;INF789F1AG50;190.3655;;;25-Jul-2026
102013;UTI Liquid Fund - Regular Plan - Weekly IDCW;;INF789F1AG19;105.3473;;;25-Jul-2026

Open Ended Schemes ( Exchange Traded Funds (ETFs) - Debt ETF )


Mirae Asset Mutual Fund
153045;Mirae Asset Nifty 1D Rate Liquid ETF - Growth;INF769K01MY5;;1095.8715;;;25-Jul-2026
151908;Mirae Asset Nifty 1D Rate Liquid ETF-IDCW;;INF769K01KS1;1000.0000;;;25-Jul-2026

UTI Mutual Fund
154466;UTI Nifty 1D Rate Liquid ETF - Growth;INF789F1AG68;;1001.4452;;;25-Jul-2026
